token_id,folio,section,scribe,language_dialect,line_number,line_position,eva_token
1,f2r,Herbal,Scribe 1,Voynich A,1,Start,qoshot89
2,f2r,Herbal,Scribe 1,Voynich A,1,Middle,kory
3,f2r,Herbal,Scribe 1,Voynich A,1,Middle,yaiinr
4,f2r,Herbal,Scribe 1,Voynich A,1,Middle,chol
5,f2r,Herbal,Scribe 1,Voynich A,1,Middle,arn
6,f2r,Herbal,Scribe 1,Voynich A,1,Middle,shokon
7,f2r,Herbal,Scribe 1,Voynich A,1,Middle,yoty
8,f2r,Herbal,Scribe 1,Voynich A,1,End,koksdy
9,f2r,Herbal,Scribe 1,Voynich A,1,Start,dchaln
10,f2r,Herbal,Scribe 1,Voynich A,1,Middle,kolin
11,f2r,Herbal,Scribe 1,Voynich A,1,Middle,oor
12,f2r,Herbal,Scribe 1,Voynich A,1,Middle,kaur
13,f2r,Herbal,Scribe 1,Voynich A,1,Middle,olr
14,f2r,Herbal,Scribe 1,Voynich A,1,Middle,aiinin
15,f2r,Herbal,Scribe 1,Voynich A,1,Middle,dar
16,f2r,Herbal,Scribe 1,Voynich A,1,End,qoamy
17,f2r,Herbal,Scribe 1,Voynich A,1,Start,kamon
18,f2r,Herbal,Scribe 1,Voynich A,1,Middle,qotain
19,f2r,Herbal,Scribe 1,Voynich A,1,Middle,ye
20,f2r,Herbal,Scribe 1,Voynich A,1,Middle,tokdy
21,f2r,Herbal,Scribe 1,Voynich A,1,Middle,chamon
22,f2r,Herbal,Scribe 1,Voynich A,1,Middle,am9
23,f2r,Herbal,Scribe 1,Voynich A,1,Middle,chor
24,f2r,Herbal,Scribe 1,Voynich A,1,End,al
25,f2r,Herbal,Scribe 1,Voynich A,1,Start,oiinin
26,f2r,Herbal,Scribe 1,Voynich A,1,Middle,ooln
27,f2r,Herbal,Scribe 1,Voynich A,1,Middle,dolon
28,f2r,Herbal,Scribe 1,Voynich A,1,Middle,chora
29,f2r,Herbal,Scribe 1,Voynich A,1,Middle,shot89
30,f2r,Herbal,Scribe 1,Voynich A,1,Middle,ams
31,f2r,Herbal,Scribe 1,Voynich A,1,Middle,yolm
32,f2r,Herbal,Scribe 1,Voynich A,1,End,keedm
33,f2r,Herbal,Scribe 1,Voynich A,1,Start,tors
34,f2r,Herbal,Scribe 1,Voynich A,1,Middle,doks
35,f2r,Herbal,Scribe 1,Voynich A,1,Middle,calm
36,f2r,Herbal,Scribe 1,Voynich A,1,Middle,yorr
37,f2r,Herbal,Scribe 1,Voynich A,1,Middle,tok89
38,f2r,Herbal,Scribe 1,Voynich A,1,Middle,qoarn
39,f2r,Herbal,Scribe 1,Voynich A,1,Middle,ool89
40,f2r,Herbal,Scribe 1,Voynich A,1,End,calin
41,f2r,Herbal,Scribe 1,Voynich A,1,Start,qokaiin
42,f2r,Herbal,Scribe 1,Voynich A,1,Middle,piinn
43,f2r,Herbal,Scribe 1,Voynich A,1,Middle,dal
44,f2r,Herbal,Scribe 1,Voynich A,1,Middle,qoar89
45,f2r,Herbal,Scribe 1,Voynich A,1,Middle,yiinr
46,f2r,Herbal,Scribe 1,Voynich A,1,Middle,sokin
47,f2r,Herbal,Scribe 1,Voynich A,1,Middle,shaiin
48,f2r,Herbal,Scribe 1,Voynich A,1,End,aiinin
49,f2r,Herbal,Scribe 1,Voynich A,1,Start,pam9
50,f2r,Herbal,Scribe 1,Voynich A,1,Middle,cok
51,f2r,Herbal,Scribe 1,Voynich A,1,Middle,poks
52,f2r,Herbal,Scribe 1,Voynich A,1,Middle,qotain
53,f2r,Herbal,Scribe 1,Voynich A,1,Middle,yok9
54,f2r,Herbal,Scribe 1,Voynich A,1,Middle,oiindy
55,f2r,Herbal,Scribe 1,Voynich A,1,Middle,alm
56,f2r,Herbal,Scribe 1,Voynich A,1,End,qokain
57,f2r,Herbal,Scribe 1,Voynich A,1,Start,tokon
58,f2r,Herbal,Scribe 1,Voynich A,1,Middle,shedy
59,f2r,Herbal,Scribe 1,Voynich A,1,Middle,aiinin
60,f2r,Herbal,Scribe 1,Voynich A,1,Middle,cthy
61,f2r,Herbal,Scribe 1,Voynich A,1,Middle,yokm
62,f2r,Herbal,Scribe 1,Voynich A,1,Middle,dchor
63,f2r,Herbal,Scribe 1,Voynich A,1,Middle,qoamy
64,f2r,Herbal,Scribe 1,Voynich A,1,End,cot9dy
65,f2r,Herbal,Scribe 1,Voynich A,1,Start,qocthy
66,f2r,Herbal,Scribe 1,Voynich A,1,Middle,yiinr
67,f2r,Herbal,Scribe 1,Voynich A,1,Middle,fol
68,f2r,Herbal,Scribe 1,Voynich A,1,Middle,qoar89
69,f2r,Herbal,Scribe 1,Voynich A,1,Middle,tam
70,f2r,Herbal,Scribe 1,Voynich A,1,Middle,ams
71,f2r,Herbal,Scribe 1,Voynich A,1,Middle,shorr
72,f2r,Herbal,Scribe 1,Voynich A,1,End,alm
73,f2r,Herbal,Scribe 1,Voynich A,1,Start,dal
74,f2r,Herbal,Scribe 1,Voynich A,1,Middle,oes
75,f2r,Herbal,Scribe 1,Voynich A,1,Middle,dotr
76,f2r,Herbal,Scribe 1,Voynich A,1,Middle,qookn
77,f2r,Herbal,Scribe 1,Voynich A,1,Middle,qoal
78,f2r,Herbal,Scribe 1,Voynich A,1,Middle,ookin
79,f2r,Herbal,Scribe 1,Voynich A,1,Middle,qokeedy
80,f2r,Herbal,Scribe 1,Voynich A,1,End,taiiny
81,f2r,Herbal,Scribe 1,Voynich A,1,Start,tot89
82,f2r,Herbal,Scribe 1,Voynich A,1,Middle,oaly
83,f2r,Herbal,Scribe 1,Voynich A,1,Middle,chey
84,f2r,Herbal,Scribe 1,Voynich A,1,Middle,talm
85,f2r,Herbal,Scribe 1,Voynich A,1,Middle,toky
86,f2r,Herbal,Scribe 1,Voynich A,1,Middle,chiinr
87,f2r,Herbal,Scribe 1,Voynich A,1,Middle,kamy
88,f2r,Herbal,Scribe 1,Voynich A,1,End,ein
89,f2r,Herbal,Scribe 1,Voynich A,1,Start,qoaron
90,f2r,Herbal,Scribe 1,Voynich A,1,Middle,olkeedy
91,f2r,Herbal,Scribe 1,Voynich A,1,Middle,okr
92,f2r,Herbal,Scribe 1,Voynich A,1,Middle,qoiin9
93,f2r,Herbal,Scribe 1,Voynich A,1,Middle,poks
94,f2r,Herbal,Scribe 1,Voynich A,1,Middle,ors
95,f2r,Herbal,Scribe 1,Voynich A,1,Middle,qokeedy
96,f2r,Herbal,Scribe 1,Voynich A,1,End,amsy
97,f2r,Herbal,Scribe 1,Voynich A,1,Start,schein
98,f2r,Herbal,Scribe 1,Voynich A,1,Middle,oor
99,f2r,Herbal,Scribe 1,Voynich A,1,Middle,faiin
100,f2r,Herbal,Scribe 1,Voynich A,1,Middle,taiin
101,f2r,Herbal,Scribe 1,Voynich A,1,Middle,kentun
102,f2r,Herbal,Scribe 1,Voynich A,1,Middle,eed9
103,f2r,Herbal,Scribe 1,Voynich A,1,Middle,ookin
104,f2r,Herbal,Scribe 1,Voynich A,1,End,yaron
105,f2r,Herbal,Scribe 1,Voynich A,1,Start,talm
106,f2r,Herbal,Scribe 1,Voynich A,1,Middle,shors
107,f2r,Herbal,Scribe 1,Voynich A,1,Middle,shardy
108,f2r,Herbal,Scribe 1,Voynich A,1,Middle,fiinr
109,f2r,Herbal,Scribe 1,Voynich A,1,Middle,e89
110,f2r,Herbal,Scribe 1,Voynich A,1,Middle,piinn
111,f2r,Herbal,Scribe 1,Voynich A,1,Middle,shoron
112,f2r,Herbal,Scribe 1,Voynich A,1,End,aln
113,f2r,Herbal,Scribe 1,Voynich A,1,Start,ddoks
114,f2r,Herbal,Scribe 1,Voynich A,1,Middle,ams
115,f2r,Herbal,Scribe 1,Voynich A,1,Middle,pem
116,f2r,Herbal,Scribe 1,Voynich A,1,Middle,yal9
117,f2r,Herbal,Scribe 1,Voynich A,1,Middle,olkeedy
118,f2r,Herbal,Scribe 1,Voynich A,1,Middle,oiindy
119,f2r,Herbal,Scribe 1,Voynich A,1,Middle,yaron
120,f2r,Herbal,Scribe 1,Voynich A,1,End,amsy
121,f2r,Herbal,Scribe 1,Voynich A,1,Start,qotain
122,f2r,Herbal,Scribe 1,Voynich A,1,Middle,alin
123,f2r,Herbal,Scribe 1,Voynich A,1,Middle,qol
124,f2r,Herbal,Scribe 1,Voynich A,1,Middle,okr
125,f2r,Herbal,Scribe 1,Voynich A,1,Middle,yamr
126,f2r,Herbal,Scribe 1,Voynich A,1,Middle,al
127,f2r,Herbal,Scribe 1,Voynich A,1,Middle,shaiin9
128,f2r,Herbal,Scribe 1,Voynich A,1,End,ok89
129,f2r,Herbal,Scribe 1,Voynich A,1,Start,talm
130,f2r,Herbal,Scribe 1,Voynich A,1,Middle,qoaron
131,f2r,Herbal,Scribe 1,Voynich A,1,Middle,qoiin9
132,f2r,Herbal,Scribe 1,Voynich A,1,Middle,tokn
133,f2r,Herbal,Scribe 1,Voynich A,1,Middle,calin
134,f2r,Herbal,Scribe 1,Voynich A,1,Middle,kolin
135,f2r,Herbal,Scribe 1,Voynich A,1,Middle,sharm
136,f2r,Herbal,Scribe 1,Voynich A,1,End,shody
137,f2r,Herbal,Scribe 1,Voynich A,1,Start,oye
138,f2r,Herbal,Scribe 1,Voynich A,1,Middle,qoamy
139,f2r,Herbal,Scribe 1,Voynich A,1,Middle,sarr
140,f2r,Herbal,Scribe 1,Voynich A,1,Middle,piinn
141,f2r,Herbal,Scribe 1,Voynich A,1,Middle,dchor
142,f2r,Herbal,Scribe 1,Voynich A,1,Middle,shokon
143,f2r,Herbal,Scribe 1,Voynich A,1,Middle,kotdy
144,f2r,Herbal,Scribe 1,Voynich A,1,End,sam9dy
145,f2r,Herbal,Scribe 1,Voynich A,1,Start,syeed89
146,f2r,Herbal,Scribe 1,Voynich A,1,Middle,cot9
147,f2r,Herbal,Scribe 1,Voynich A,1,Middle,iin
148,f2r,Herbal,Scribe 1,Voynich A,1,Middle,koks
149,f2r,Herbal,Scribe 1,Voynich A,1,Middle,al
150,f2r,Herbal,Scribe 1,Voynich A,1,Middle,calm
151,f2r,Herbal,Scribe 1,Voynich A,1,Middle,cot9
152,f2r,Herbal,Scribe 1,Voynich A,1,End,poks89
153,f2r,Herbal,Scribe 1,Voynich A,1,Start,ot89
154,f2r,Herbal,Scribe 1,Voynich A,1,Middle,oam
155,f2r,Herbal,Scribe 1,Voynich A,1,Middle,yok9
156,f2r,Herbal,Scribe 1,Voynich A,1,Middle,peedr
157,f2r,Herbal,Scribe 1,Voynich A,1,Middle,tokon
158,f2r,Herbal,Scribe 1,Voynich A,1,Middle,am89
159,f2r,Herbal,Scribe 1,Voynich A,1,Middle,alm
160,f17r,Herbal,Scribe 1,Voynich A,1,Start,ein
161,f17r,Herbal,Scribe 1,Voynich A,1,Middle,tokdy
162,f17r,Herbal,Scribe 1,Voynich A,1,Middle,qoamy
163,f17r,Herbal,Scribe 1,Voynich A,1,Middle,carn
164,f17r,Herbal,Scribe 1,Voynich A,1,Middle,arr
165,f17r,Herbal,Scribe 1,Voynich A,1,Middle,qokain
166,f17r,Herbal,Scribe 1,Voynich A,1,Middle,talm
167,f17r,Herbal,Scribe 1,Voynich A,1,End,qoiin9y
168,f17r,Herbal,Scribe 1,Voynich A,1,Start,qoshar9
169,f17r,Herbal,Scribe 1,Voynich A,1,Middle,dor9
170,f17r,Herbal,Scribe 1,Voynich A,1,Middle,es
171,f17r,Herbal,Scribe 1,Voynich A,1,Middle,dar
172,f17r,Herbal,Scribe 1,Voynich A,1,Middle,kiin
173,f17r,Herbal,Scribe 1,Voynich A,1,Middle,okr
174,f17r,Herbal,Scribe 1,Voynich A,1,Middle,cot9
175,f17r,Herbal,Scribe 1,Voynich A,1,End,farm
176,f17r,Herbal,Scribe 1,Voynich A,1,Start,sen
177,f17r,Herbal,Scribe 1,Voynich A,1,Middle,yamr
178,f17r,Herbal,Scribe 1,Voynich A,1,Middle,ors
179,f17r,Herbal,Scribe 1,Voynich A,1,Middle,qoamy
180,f17r,Herbal,Scribe 1,Voynich A,1,Middle,lchedy
181,f17r,Herbal,Scribe 1,Voynich A,1,Middle,okr
182,f17r,Herbal,Scribe 1,Voynich A,1,Middle,chiinr
183,f17r,Herbal,Scribe 1,Voynich A,1,End,cthy
184,f17r,Herbal,Scribe 1,Voynich A,1,Start,qol
185,f17r,Herbal,Scribe 1,Voynich A,1,Middle,shardy
186,f17r,Herbal,Scribe 1,Voynich A,1,Middle,eedn
187,f17r,Herbal,Scribe 1,Voynich A,1,Middle,taiin9
188,f17r,Herbal,Scribe 1,Voynich A,1,Middle,yaiinon
189,f17r,Herbal,Scribe 1,Voynich A,1,Middle,al
190,f17r,Herbal,Scribe 1,Voynich A,1,Middle,chors
191,f17r,Herbal,Scribe 1,Voynich A,1,End,ot
192,f17r,Herbal,Scribe 1,Voynich A,1,Start,dem
193,f17r,Herbal,Scribe 1,Voynich A,1,Middle,qoaiin89
194,f17r,Herbal,Scribe 1,Voynich A,1,Middle,alin
195,f17r,Herbal,Scribe 1,Voynich A,1,Middle,kotin
196,f17r,Herbal,Scribe 1,Voynich A,1,Middle,qoaiin89
197,f17r,Herbal,Scribe 1,Voynich A,1,Middle,yolm
198,f17r,Herbal,Scribe 1,Voynich A,1,Middle,dotr
199,f17r,Herbal,Scribe 1,Voynich A,1,End,iinin
200,f17r,Herbal,Scribe 1,Voynich A,1,Start,damin
201,f17r,Herbal,Scribe 1,Voynich A,1,Middle,kam9
202,f17r,Herbal,Scribe 1,Voynich A,1,Middle,tors
203,f17r,Herbal,Scribe 1,Voynich A,1,Middle,dedy
204,f17r,Herbal,Scribe 1,Voynich A,1,Middle,qoaiin89
205,f17r,Herbal,Scribe 1,Voynich A,1,Middle,qotain
206,f17r,Herbal,Scribe 1,Voynich A,1,Middle,sarr
207,f17r,Herbal,Scribe 1,Voynich A,1,End,otedy
208,f17r,Herbal,Scribe 1,Voynich A,1,Start,fokr
209,f17r,Herbal,Scribe 1,Voynich A,1,Middle,tokdy
210,f17r,Herbal,Scribe 1,Voynich A,1,Middle,yok
211,f17r,Herbal,Scribe 1,Voynich A,1,Middle,qol
212,f17r,Herbal,Scribe 1,Voynich A,1,Middle,qoamy
213,f17r,Herbal,Scribe 1,Voynich A,1,Middle,caiinon
214,f17r,Herbal,Scribe 1,Voynich A,1,Middle,dedy
215,f17r,Herbal,Scribe 1,Voynich A,1,End,yaron
216,f17r,Herbal,Scribe 1,Voynich A,1,Start,faiin
217,f17r,Herbal,Scribe 1,Voynich A,1,Middle,ams
218,f17r,Herbal,Scribe 1,Voynich A,1,Middle,samm
219,f17r,Herbal,Scribe 1,Voynich A,1,Middle,qol
220,f17r,Herbal,Scribe 1,Voynich A,1,Middle,cthy
221,f17r,Herbal,Scribe 1,Voynich A,1,Middle,corn
222,f17r,Herbal,Scribe 1,Voynich A,1,Middle,em
223,f17r,Herbal,Scribe 1,Voynich A,1,End,yot
224,f17r,Herbal,Scribe 1,Voynich A,1,Start,al
225,f17r,Herbal,Scribe 1,Voynich A,1,Middle,shokon
226,f17r,Herbal,Scribe 1,Voynich A,1,Middle,al
227,f17r,Herbal,Scribe 1,Voynich A,1,Middle,qoarn
228,f17r,Herbal,Scribe 1,Voynich A,1,Middle,ot89
229,f17r,Herbal,Scribe 1,Voynich A,1,Middle,alin
230,f17r,Herbal,Scribe 1,Voynich A,1,Middle,shoron
231,f17r,Herbal,Scribe 1,Voynich A,1,End,tot89
232,f17r,Herbal,Scribe 1,Voynich A,1,Start,qoe89
233,f17r,Herbal,Scribe 1,Voynich A,1,Middle,yokdy
234,f17r,Herbal,Scribe 1,Voynich A,1,Middle,shedy
235,f17r,Herbal,Scribe 1,Voynich A,1,Middle,alin
236,f17r,Herbal,Scribe 1,Voynich A,1,Middle,chars
237,f17r,Herbal,Scribe 1,Voynich A,1,Middle,piinn
238,f17r,Herbal,Scribe 1,Voynich A,1,Middle,darn
239,f17r,Herbal,Scribe 1,Voynich A,1,End,qoamy
240,f17r,Herbal,Scribe 1,Voynich A,1,Start,dyot
241,f17r,Herbal,Scribe 1,Voynich A,1,Middle,pol
242,f17r,Herbal,Scribe 1,Voynich A,1,Middle,qoamy
243,f17r,Herbal,Scribe 1,Voynich A,1,Middle,oal
244,f17r,Herbal,Scribe 1,Voynich A,1,Middle,kam9
245,f17r,Herbal,Scribe 1,Voynich A,1,Middle,yaiinon
246,f17r,Herbal,Scribe 1,Voynich A,1,Middle,seed
247,f17r,Herbal,Scribe 1,Voynich A,1,End,piinn
248,f17r,Herbal,Scribe 1,Voynich A,1,Start,aln
249,f17r,Herbal,Scribe 1,Voynich A,1,Middle,qokain
250,f17r,Herbal,Scribe 1,Voynich A,1,Middle,oiinon
251,f17r,Herbal,Scribe 1,Voynich A,1,Middle,shokon
252,f17r,Herbal,Scribe 1,Voynich A,1,Middle,chal9
253,f17r,Herbal,Scribe 1,Voynich A,1,Middle,olr
254,f17r,Herbal,Scribe 1,Voynich A,1,Middle,aiins
255,f17r,Herbal,Scribe 1,Voynich A,1,End,chamon
256,f17r,Herbal,Scribe 1,Voynich A,1,Start,dcok
257,f17r,Herbal,Scribe 1,Voynich A,1,Middle,par9
258,f17r,Herbal,Scribe 1,Voynich A,1,Middle,olon
259,f17r,Herbal,Scribe 1,Voynich A,1,Middle,qokal
260,f17r,Herbal,Scribe 1,Voynich A,1,Middle,cthy
261,f17r,Herbal,Scribe 1,Voynich A,1,Middle,shamn
262,f17r,Herbal,Scribe 1,Voynich A,1,Middle,am89
263,f17r,Herbal,Scribe 1,Voynich A,1,End,otedy
264,f17r,Herbal,Scribe 1,Voynich A,1,Start,dchiinr
265,f17r,Herbal,Scribe 1,Voynich A,1,Middle,daron
266,f17r,Herbal,Scribe 1,Voynich A,1,Middle,am89
267,f17r,Herbal,Scribe 1,Voynich A,1,Middle,pey
268,f17r,Herbal,Scribe 1,Voynich A,1,Middle,kok9
269,f17r,Herbal,Scribe 1,Voynich A,1,Middle,olkeedy
270,f17r,Herbal,Scribe 1,Voynich A,1,Middle,pok9
271,f17r,Herbal,Scribe 1,Voynich A,1,End,iin89
272,f17r,Herbal,Scribe 1,Voynich A,1,Start,tam
273,f17r,Herbal,Scribe 1,Voynich A,1,Middle,chors
274,f17r,Herbal,Scribe 1,Voynich A,1,Middle,am89
275,f17r,Herbal,Scribe 1,Voynich A,1,Middle,tokon
276,f17r,Herbal,Scribe 1,Voynich A,1,Middle,tokdy
277,f17r,Herbal,Scribe 1,Voynich A,1,Middle,qotain
278,f17r,Herbal,Scribe 1,Voynich A,1,Middle,sals
279,f17r,Herbal,Scribe 1,Voynich A,1,End,qoiin9
280,f17r,Herbal,Scribe 1,Voynich A,1,Start,ams
281,f17r,Herbal,Scribe 1,Voynich A,1,Middle,qokeedy
282,f17r,Herbal,Scribe 1,Voynich A,1,Middle,chars
283,f17r,Herbal,Scribe 1,Voynich A,1,Middle,qoiin9
284,f17r,Herbal,Scribe 1,Voynich A,1,Middle,teedn
285,f17r,Herbal,Scribe 1,Voynich A,1,Middle,tokn
286,f17r,Herbal,Scribe 1,Voynich A,1,Middle,qol
287,f17r,Herbal,Scribe 1,Voynich A,1,End,cot989
288,f17r,Herbal,Scribe 1,Voynich A,1,Start,kiiny
289,f17r,Herbal,Scribe 1,Voynich A,1,Middle,olr
290,f17r,Herbal,Scribe 1,Voynich A,1,Middle,tokin
291,f17r,Herbal,Scribe 1,Voynich A,1,Middle,qoaron
292,f17r,Herbal,Scribe 1,Voynich A,1,Middle,calm
293,f17r,Herbal,Scribe 1,Voynich A,1,Middle,okr
294,f17r,Herbal,Scribe 1,Voynich A,1,Middle,chor
295,f17r,Herbal,Scribe 1,Voynich A,1,End,chars
296,f17r,Herbal,Scribe 1,Voynich A,1,Start,farm
297,f17r,Herbal,Scribe 1,Voynich A,1,Middle,olr
298,f17r,Herbal,Scribe 1,Voynich A,1,Middle,olr
299,f17r,Herbal,Scribe 1,Voynich A,1,Middle,tokn
300,f17r,Herbal,Scribe 1,Voynich A,1,Middle,piinn
301,f17r,Herbal,Scribe 1,Voynich A,1,Middle,yolm
302,f17r,Herbal,Scribe 1,Voynich A,1,Middle,ein
303,f17r,Herbal,Scribe 1,Voynich A,1,End,ol89
304,f17r,Herbal,Scribe 1,Voynich A,1,Start,olon
305,f17r,Herbal,Scribe 1,Voynich A,1,Middle,cthy
306,f17r,Herbal,Scribe 1,Voynich A,1,Middle,qoarn
307,f17r,Herbal,Scribe 1,Voynich A,1,Middle,em
308,f17r,Herbal,Scribe 1,Voynich A,1,Middle,yal9
309,f17r,Herbal,Scribe 1,Voynich A,1,Middle,oiinon
310,f17r,Herbal,Scribe 1,Voynich A,1,Middle,orm
311,f17r,Herbal,Scribe 1,Voynich A,1,End,chein
312,f17r,Herbal,Scribe 1,Voynich A,1,Start,qocaiins
313,f17r,Herbal,Scribe 1,Voynich A,1,Middle,darr
314,f17r,Herbal,Scribe 1,Voynich A,1,Middle,e89
315,f17r,Herbal,Scribe 1,Voynich A,1,Middle,yiinr
316,f17r,Herbal,Scribe 1,Voynich A,1,Middle,amn
317,f17r,Herbal,Scribe 1,Voynich A,1,Middle,qoiin9
318,f17r,Herbal,Scribe 1,Voynich A,1,Middle,torr
319,f17r,Herbal,Scribe 1,Voynich A,1,End,oiinon
320,f33v,Herbal,Scribe 1,Voynich A,1,Start,oem
321,f33v,Herbal,Scribe 1,Voynich A,1,Middle,yolm
322,f33v,Herbal,Scribe 1,Voynich A,1,Middle,cheedr
323,f33v,Herbal,Scribe 1,Voynich A,1,Middle,okr
324,f33v,Herbal,Scribe 1,Voynich A,1,Middle,koron
325,f33v,Herbal,Scribe 1,Voynich A,1,Middle,tiin
326,f33v,Herbal,Scribe 1,Voynich A,1,Middle,piin
327,f33v,Herbal,Scribe 1,Voynich A,1,End,orrdy
328,f33v,Herbal,Scribe 1,Voynich A,1,Start,e89
329,f33v,Herbal,Scribe 1,Voynich A,1,Middle,aiinin
330,f33v,Herbal,Scribe 1,Voynich A,1,Middle,alm
331,f33v,Herbal,Scribe 1,Voynich A,1,Middle,qoaron
332,f33v,Herbal,Scribe 1,Voynich A,1,Middle,olr
333,f33v,Herbal,Scribe 1,Voynich A,1,Middle,em
334,f33v,Herbal,Scribe 1,Voynich A,1,Middle,qokaiin
335,f33v,Herbal,Scribe 1,Voynich A,1,End,qoaron
336,f33v,Herbal,Scribe 1,Voynich A,1,Start,fary
337,f33v,Herbal,Scribe 1,Voynich A,1,Middle,qokeedy
338,f33v,Herbal,Scribe 1,Voynich A,1,Middle,chamon
339,f33v,Herbal,Scribe 1,Voynich A,1,Middle,ol89
340,f33v,Herbal,Scribe 1,Voynich A,1,Middle,yiinr
341,f33v,Herbal,Scribe 1,Voynich A,1,Middle,shokon
342,f33v,Herbal,Scribe 1,Voynich A,1,Middle,oal
343,f33v,Herbal,Scribe 1,Voynich A,1,End,peed89
344,f33v,Herbal,Scribe 1,Voynich A,1,Start,piinn
345,f33v,Herbal,Scribe 1,Voynich A,1,Middle,yolm
346,f33v,Herbal,Scribe 1,Voynich A,1,Middle,tardy
347,f33v,Herbal,Scribe 1,Voynich A,1,Middle,qoaron
348,f33v,Herbal,Scribe 1,Voynich A,1,Middle,koron
349,f33v,Herbal,Scribe 1,Voynich A,1,Middle,qokal
350,f33v,Herbal,Scribe 1,Voynich A,1,Middle,eedn
351,f33v,Herbal,Scribe 1,Voynich A,1,End,qoldy
352,f33v,Herbal,Scribe 1,Voynich A,1,Start,sor89
353,f33v,Herbal,Scribe 1,Voynich A,1,Middle,eedn
354,f33v,Herbal,Scribe 1,Voynich A,1,Middle,oly
355,f33v,Herbal,Scribe 1,Voynich A,1,Middle,shokdy
356,f33v,Herbal,Scribe 1,Voynich A,1,Middle,shoron
357,f33v,Herbal,Scribe 1,Voynich A,1,Middle,iin
358,f33v,Herbal,Scribe 1,Voynich A,1,Middle,tardy
359,f33v,Herbal,Scribe 1,Voynich A,1,End,qokain
360,f33v,Herbal,Scribe 1,Voynich A,1,Start,okr
361,f33v,Herbal,Scribe 1,Voynich A,1,Middle,qoaron
362,f33v,Herbal,Scribe 1,Voynich A,1,Middle,ar89
363,f33v,Herbal,Scribe 1,Voynich A,1,Middle,tam
364,f33v,Herbal,Scribe 1,Voynich A,1,Middle,yok
365,f33v,Herbal,Scribe 1,Voynich A,1,Middle,okr
366,f33v,Herbal,Scribe 1,Voynich A,1,Middle,shorin
367,f33v,Herbal,Scribe 1,Voynich A,1,End,ams
368,f33v,Herbal,Scribe 1,Voynich A,1,Start,yaiinr
369,f33v,Herbal,Scribe 1,Voynich A,1,Middle,dchor
370,f33v,Herbal,Scribe 1,Voynich A,1,Middle,ye
371,f33v,Herbal,Scribe 1,Voynich A,1,Middle,ar89
372,f33v,Herbal,Scribe 1,Voynich A,1,Middle,tokn
373,f33v,Herbal,Scribe 1,Voynich A,1,Middle,ookin
374,f33v,Herbal,Scribe 1,Voynich A,1,Middle,pot
375,f33v,Herbal,Scribe 1,Voynich A,1,End,ookin
376,f33v,Herbal,Scribe 1,Voynich A,1,Start,tok
377,f33v,Herbal,Scribe 1,Voynich A,1,Middle,carn
378,f33v,Herbal,Scribe 1,Voynich A,1,Middle,chors
379,f33v,Herbal,Scribe 1,Voynich A,1,Middle,eedm
380,f33v,Herbal,Scribe 1,Voynich A,1,Middle,alr
381,f33v,Herbal,Scribe 1,Voynich A,1,Middle,farm
382,f33v,Herbal,Scribe 1,Voynich A,1,Middle,qoamy
383,f33v,Herbal,Scribe 1,Voynich A,1,End,shedy
384,f33v,Herbal,Scribe 1,Voynich A,1,Start,peedin
385,f33v,Herbal,Scribe 1,Voynich A,1,Middle,kokin
386,f33v,Herbal,Scribe 1,Voynich A,1,Middle,piinn
387,f33v,Herbal,Scribe 1,Voynich A,1,Middle,corn
388,f33v,Herbal,Scribe 1,Voynich A,1,Middle,char89
389,f33v,Herbal,Scribe 1,Voynich A,1,Middle,foln
390,f33v,Herbal,Scribe 1,Voynich A,1,Middle,tokdy
391,f33v,Herbal,Scribe 1,Voynich A,1,End,cthy
392,f33v,Herbal,Scribe 1,Voynich A,1,Start,qoey
393,f33v,Herbal,Scribe 1,Voynich A,1,Middle,dol89
394,f33v,Herbal,Scribe 1,Voynich A,1,Middle,keedm
395,f33v,Herbal,Scribe 1,Voynich A,1,Middle,sokin
396,f33v,Herbal,Scribe 1,Voynich A,1,Middle,kaly
397,f33v,Herbal,Scribe 1,Voynich A,1,Middle,ol89
398,f33v,Herbal,Scribe 1,Voynich A,1,Middle,kentun
399,f33v,Herbal,Scribe 1,Voynich A,1,End,qoaron
400,f33v,Herbal,Scribe 1,Voynich A,1,Start,qocar
401,f33v,Herbal,Scribe 1,Voynich A,1,Middle,em
402,f33v,Herbal,Scribe 1,Voynich A,1,Middle,pamn
403,f33v,Herbal,Scribe 1,Voynich A,1,Middle,oor
404,f33v,Herbal,Scribe 1,Voynich A,1,Middle,alin
405,f33v,Herbal,Scribe 1,Voynich A,1,Middle,tokon
406,f33v,Herbal,Scribe 1,Voynich A,1,Middle,al
407,f33v,Herbal,Scribe 1,Voynich A,1,End,sen
408,f33v,Herbal,Scribe 1,Voynich A,1,Start,oor
409,f33v,Herbal,Scribe 1,Voynich A,1,Middle,ok
410,f33v,Herbal,Scribe 1,Voynich A,1,Middle,ok89
411,f33v,Herbal,Scribe 1,Voynich A,1,Middle,qoamy
412,f33v,Herbal,Scribe 1,Voynich A,1,Middle,chor
413,f33v,Herbal,Scribe 1,Voynich A,1,Middle,ot89
414,f33v,Herbal,Scribe 1,Voynich A,1,Middle,qoorm
415,f33v,Herbal,Scribe 1,Voynich A,1,End,kar89
416,f33v,Herbal,Scribe 1,Voynich A,1,Start,chot
417,f33v,Herbal,Scribe 1,Voynich A,1,Middle,dal
418,f33v,Herbal,Scribe 1,Voynich A,1,Middle,aiinin
419,f33v,Herbal,Scribe 1,Voynich A,1,Middle,qokeedy
420,f33v,Herbal,Scribe 1,Voynich A,1,Middle,chor89
421,f33v,Herbal,Scribe 1,Voynich A,1,Middle,poks
422,f33v,Herbal,Scribe 1,Voynich A,1,Middle,ool9
423,f33v,Herbal,Scribe 1,Voynich A,1,End,qoardy
424,f33v,Herbal,Scribe 1,Voynich A,1,Start,scalin
425,f33v,Herbal,Scribe 1,Voynich A,1,Middle,piin
426,f33v,Herbal,Scribe 1,Voynich A,1,Middle,kem
427,f33v,Herbal,Scribe 1,Voynich A,1,Middle,yolm
428,f33v,Herbal,Scribe 1,Voynich A,1,Middle,qoaiin89
429,f33v,Herbal,Scribe 1,Voynich A,1,Middle,shedy
430,f33v,Herbal,Scribe 1,Voynich A,1,Middle,qokeedy
431,f33v,Herbal,Scribe 1,Voynich A,1,End,qoaiin89
432,f33v,Herbal,Scribe 1,Voynich A,1,Start,oen
433,f33v,Herbal,Scribe 1,Voynich A,1,Middle,sol
434,f33v,Herbal,Scribe 1,Voynich A,1,Middle,poks
435,f33v,Herbal,Scribe 1,Voynich A,1,Middle,qokeedy
436,f33v,Herbal,Scribe 1,Voynich A,1,Middle,cey
437,f33v,Herbal,Scribe 1,Voynich A,1,Middle,ce
438,f33v,Herbal,Scribe 1,Voynich A,1,Middle,qokeedy
439,f33v,Herbal,Scribe 1,Voynich A,1,End,qoaiinon
440,f33v,Herbal,Scribe 1,Voynich A,1,Start,qol
441,f33v,Herbal,Scribe 1,Voynich A,1,Middle,taiiny
442,f33v,Herbal,Scribe 1,Voynich A,1,Middle,shar9
443,f33v,Herbal,Scribe 1,Voynich A,1,Middle,qol
444,f33v,Herbal,Scribe 1,Voynich A,1,Middle,caiins
445,f33v,Herbal,Scribe 1,Voynich A,1,Middle,peedr
446,f33v,Herbal,Scribe 1,Voynich A,1,Middle,faiin
447,f33v,Herbal,Scribe 1,Voynich A,1,End,caiins89
448,f33v,Herbal,Scribe 1,Voynich A,1,Start,oor
449,f33v,Herbal,Scribe 1,Voynich A,1,Middle,oly
450,f33v,Herbal,Scribe 1,Voynich A,1,Middle,otn
451,f33v,Herbal,Scribe 1,Voynich A,1,Middle,koks
452,f33v,Herbal,Scribe 1,Voynich A,1,Middle,okr
453,f33v,Herbal,Scribe 1,Voynich A,1,Middle,yaron
454,f33v,Herbal,Scribe 1,Voynich A,1,Middle,alm
455,f33v,Herbal,Scribe 1,Voynich A,1,End,aly
456,f33v,Herbal,Scribe 1,Voynich A,1,Start,peedin
457,f33v,Herbal,Scribe 1,Voynich A,1,Middle,qokain
458,f33v,Herbal,Scribe 1,Voynich A,1,Middle,qokain
459,f33v,Herbal,Scribe 1,Voynich A,1,Middle,kiin
460,f33v,Herbal,Scribe 1,Voynich A,1,Middle,tokdy
461,f33v,Herbal,Scribe 1,Voynich A,1,Middle,kiin
462,f33v,Herbal,Scribe 1,Voynich A,1,Middle,kamon
463,f33v,Herbal,Scribe 1,Voynich A,1,End,sharm
464,f33v,Herbal,Scribe 1,Voynich A,1,Start,ary
465,f33v,Herbal,Scribe 1,Voynich A,1,Middle,qoeed9
466,f33v,Herbal,Scribe 1,Voynich A,1,Middle,alin
467,f33v,Herbal,Scribe 1,Voynich A,1,Middle,qokeedy
468,f33v,Herbal,Scribe 1,Voynich A,1,Middle,shokon
469,f33v,Herbal,Scribe 1,Voynich A,1,Middle,al
470,f33v,Herbal,Scribe 1,Voynich A,1,Middle,faiin
471,f33v,Herbal,Scribe 1,Voynich A,1,End,qoiin9
472,f33v,Herbal,Scribe 1,Voynich A,1,Start,olkeedy
473,f33v,Herbal,Scribe 1,Voynich A,1,Middle,tamdy
474,f33v,Herbal,Scribe 1,Voynich A,1,Middle,cams
475,f33v,Herbal,Scribe 1,Voynich A,1,Middle,piinn
476,f33v,Herbal,Scribe 1,Voynich A,1,Middle,yor
477,f33v,Herbal,Scribe 1,Voynich A,1,Middle,shaiins
478,f33v,Herbal,Scribe 1,Voynich A,1,Middle,iinin
479,f33v,Herbal,Scribe 1,Voynich A,1,End,alin
480,f68r,Astronomical,Scribe 4,Voynich B,1,Start,shiin9
481,f68r,Astronomical,Scribe 4,Voynich B,1,Middle,oty
482,f68r,Astronomical,Scribe 4,Voynich B,1,Middle,far
483,f68r,Astronomical,Scribe 4,Voynich B,1,Middle,aiin
484,f68r,Astronomical,Scribe 4,Voynich B,1,Middle,qooln
485,f68r,Astronomical,Scribe 4,Voynich B,1,Middle,qooron
486,f68r,Astronomical,Scribe 4,Voynich B,1,Middle,shokm
487,f68r,Astronomical,Scribe 4,Voynich B,1,End,yalm
488,f68r,Astronomical,Scribe 4,Voynich B,1,Start,qoars
489,f68r,Astronomical,Scribe 4,Voynich B,1,Middle,ars
490,f68r,Astronomical,Scribe 4,Voynich B,1,Middle,shiin9
491,f68r,Astronomical,Scribe 4,Voynich B,1,Middle,peed
492,f68r,Astronomical,Scribe 4,Voynich B,1,Middle,far
493,f68r,Astronomical,Scribe 4,Voynich B,1,Middle,eed89
494,f68r,Astronomical,Scribe 4,Voynich B,1,Middle,kol
495,f68r,Astronomical,Scribe 4,Voynich B,1,End,eedin
496,f68r,Astronomical,Scribe 4,Voynich B,1,Start,qosiins
497,f68r,Astronomical,Scribe 4,Voynich B,1,Middle,palm
498,f68r,Astronomical,Scribe 4,Voynich B,1,Middle,fok
499,f68r,Astronomical,Scribe 4,Voynich B,1,Middle,qoe
500,f68r,Astronomical,Scribe 4,Voynich B,1,Middle,otm
501,f68r,Astronomical,Scribe 4,Voynich B,1,Middle,or9
502,f68r,Astronomical,Scribe 4,Voynich B,1,Middle,fiinm
503,f68r,Astronomical,Scribe 4,Voynich B,1,End,or9y
504,f68r,Astronomical,Scribe 4,Voynich B,1,Start,kol
505,f68r,Astronomical,Scribe 4,Voynich B,1,Middle,yoln
506,f68r,Astronomical,Scribe 4,Voynich B,1,Middle,shiin9
507,f68r,Astronomical,Scribe 4,Voynich B,1,Middle,tals
508,f68r,Astronomical,Scribe 4,Voynich B,1,Middle,ots
509,f68r,Astronomical,Scribe 4,Voynich B,1,Middle,shot
510,f68r,Astronomical,Scribe 4,Voynich B,1,Middle,ar9
511,f68r,Astronomical,Scribe 4,Voynich B,1,End,qoar
512,f68r,Astronomical,Scribe 4,Voynich B,1,Start,oiiny
513,f68r,Astronomical,Scribe 4,Voynich B,1,Middle,shiin9
514,f68r,Astronomical,Scribe 4,Voynich B,1,Middle,yein
515,f68r,Astronomical,Scribe 4,Voynich B,1,Middle,kokdy
516,f68r,Astronomical,Scribe 4,Voynich B,1,Middle,qoe
517,f68r,Astronomical,Scribe 4,Voynich B,1,Middle,cer
518,f68r,Astronomical,Scribe 4,Voynich B,1,Middle,amy
519,f68r,Astronomical,Scribe 4,Voynich B,1,End,saiin
520,f68r,Astronomical,Scribe 4,Voynich B,1,Start,fiinm
521,f68r,Astronomical,Scribe 4,Voynich B,1,Middle,cer
522,f68r,Astronomical,Scribe 4,Voynich B,1,Middle,chaiinin
523,f68r,Astronomical,Scribe 4,Voynich B,1,Middle,sarn
524,f68r,Astronomical,Scribe 4,Voynich B,1,Middle,cer
525,f68r,Astronomical,Scribe 4,Voynich B,1,Middle,cheed
526,f68r,Astronomical,Scribe 4,Voynich B,1,Middle,er
527,f68r,Astronomical,Scribe 4,Voynich B,1,End,qoeed89
528,f68r,Astronomical,Scribe 4,Voynich B,1,Start,fiinm
529,f68r,Astronomical,Scribe 4,Voynich B,1,Middle,far
530,f68r,Astronomical,Scribe 4,Voynich B,1,Middle,fiinm
531,f68r,Astronomical,Scribe 4,Voynich B,1,Middle,aiindy
532,f68r,Astronomical,Scribe 4,Voynich B,1,Middle,cam89
533,f68r,Astronomical,Scribe 4,Voynich B,1,Middle,yaiin9
534,f68r,Astronomical,Scribe 4,Voynich B,1,Middle,fiinm
535,f68r,Astronomical,Scribe 4,Voynich B,1,End,otsdy
536,f68r,Astronomical,Scribe 4,Voynich B,1,Start,iiny
537,f68r,Astronomical,Scribe 4,Voynich B,1,Middle,ciins
538,f68r,Astronomical,Scribe 4,Voynich B,1,Middle,fok
539,f68r,Astronomical,Scribe 4,Voynich B,1,Middle,or
540,f68r,Astronomical,Scribe 4,Voynich B,1,Middle,ots
541,f68r,Astronomical,Scribe 4,Voynich B,1,Middle,ots
542,f68r,Astronomical,Scribe 4,Voynich B,1,Middle,e9
543,f68r,Astronomical,Scribe 4,Voynich B,1,End,oaiins
544,f68r,Astronomical,Scribe 4,Voynich B,1,Start,qochalin
545,f68r,Astronomical,Scribe 4,Voynich B,1,Middle,shokm
546,f68r,Astronomical,Scribe 4,Voynich B,1,Middle,or89
547,f68r,Astronomical,Scribe 4,Voynich B,1,Middle,e9
548,f68r,Astronomical,Scribe 4,Voynich B,1,Middle,pamon
549,f68r,Astronomical,Scribe 4,Voynich B,1,Middle,shiin9
550,f68r,Astronomical,Scribe 4,Voynich B,1,Middle,fok
551,f68r,Astronomical,Scribe 4,Voynich B,1,End,shor
552,f68r,Astronomical,Scribe 4,Voynich B,1,Start,qoe
553,f68r,Astronomical,Scribe 4,Voynich B,1,Middle,or
554,f68r,Astronomical,Scribe 4,Voynich B,1,Middle,cal
555,f68r,Astronomical,Scribe 4,Voynich B,1,Middle,e9
556,f68r,Astronomical,Scribe 4,Voynich B,1,Middle,palm
557,f68r,Astronomical,Scribe 4,Voynich B,1,Middle,far
558,f68r,Astronomical,Scribe 4,Voynich B,1,Middle,ceedr
559,f68r,Astronomical,Scribe 4,Voynich B,1,End,ots
560,f68r,Astronomical,Scribe 4,Voynich B,1,Start,okn
561,f68r,Astronomical,Scribe 4,Voynich B,1,Middle,amy
562,f68r,Astronomical,Scribe 4,Voynich B,1,Middle,cer
563,f68r,Astronomical,Scribe 4,Voynich B,1,Middle,cer
564,f68r,Astronomical,Scribe 4,Voynich B,1,Middle,tar
565,f68r,Astronomical,Scribe 4,Voynich B,1,Middle,fiinm
566,f68r,Astronomical,Scribe 4,Voynich B,1,Middle,or9
567,f68r,Astronomical,Scribe 4,Voynich B,1,End,pamon
568,f68r,Astronomical,Scribe 4,Voynich B,1,Start,ootr
569,f68r,Astronomical,Scribe 4,Voynich B,1,Middle,qoaiinm
570,f68r,Astronomical,Scribe 4,Voynich B,1,Middle,kokm
571,f68r,Astronomical,Scribe 4,Voynich B,1,Middle,ceedr
572,f68r,Astronomical,Scribe 4,Voynich B,1,Middle,iins
573,f68r,Astronomical,Scribe 4,Voynich B,1,Middle,ciins
574,f68r,Astronomical,Scribe 4,Voynich B,1,Middle,amy
575,f68r,Astronomical,Scribe 4,Voynich B,1,End,yein
576,f68r,Astronomical,Scribe 4,Voynich B,1,Start,qoiinon
577,f68r,Astronomical,Scribe 4,Voynich B,1,Middle,or9
578,f68r,Astronomical,Scribe 4,Voynich B,1,Middle,ots
579,f68r,Astronomical,Scribe 4,Voynich B,1,Middle,qoar
580,f68r,Astronomical,Scribe 4,Voynich B,1,Middle,parm
581,f68r,Astronomical,Scribe 4,Voynich B,1,Middle,ars
582,f68r,Astronomical,Scribe 4,Voynich B,1,Middle,ars
583,f68r,Astronomical,Scribe 4,Voynich B,1,End,qoardy
584,f68r,Astronomical,Scribe 4,Voynich B,1,Start,ootr
585,f68r,Astronomical,Scribe 4,Voynich B,1,Middle,fory
586,f68r,Astronomical,Scribe 4,Voynich B,1,Middle,cer
587,f68r,Astronomical,Scribe 4,Voynich B,1,Middle,tals
588,f68r,Astronomical,Scribe 4,Voynich B,1,Middle,shor
589,f68r,Astronomical,Scribe 4,Voynich B,1,Middle,oe9
590,f68r,Astronomical,Scribe 4,Voynich B,1,Middle,cheed
591,f68r,Astronomical,Scribe 4,Voynich B,1,End,shen
592,f68r,Astronomical,Scribe 4,Voynich B,1,Start,darm
593,f68r,Astronomical,Scribe 4,Voynich B,1,Middle,dalon
594,f68r,Astronomical,Scribe 4,Voynich B,1,Middle,amin
595,f68r,Astronomical,Scribe 4,Voynich B,1,Middle,or89
596,f68r,Astronomical,Scribe 4,Voynich B,1,Middle,er
597,f68r,Astronomical,Scribe 4,Voynich B,1,Middle,or89
598,f68r,Astronomical,Scribe 4,Voynich B,1,Middle,otr
599,f68r,Astronomical,Scribe 4,Voynich B,1,End,qoe
600,f68r,Astronomical,Scribe 4,Voynich B,1,Start,or9
601,f68r,Astronomical,Scribe 4,Voynich B,1,Middle,ots
602,f68r,Astronomical,Scribe 4,Voynich B,1,Middle,chalin
603,f68r,Astronomical,Scribe 4,Voynich B,1,Middle,kots
604,f68r,Astronomical,Scribe 4,Voynich B,1,Middle,aiin
605,f68r,Astronomical,Scribe 4,Voynich B,1,Middle,e9
606,f68r,Astronomical,Scribe 4,Voynich B,1,Middle,amin
607,f68r,Astronomical,Scribe 4,Voynich B,1,End,iiny
608,f68r,Astronomical,Scribe 4,Voynich B,1,Start,oceedr
609,f68r,Astronomical,Scribe 4,Voynich B,1,Middle,iins
610,f68r,Astronomical,Scribe 4,Voynich B,1,Middle,e9
611,f68r,Astronomical,Scribe 4,Voynich B,1,Middle,or9
612,f68r,Astronomical,Scribe 4,Voynich B,1,Middle,oe9
613,f68r,Astronomical,Scribe 4,Voynich B,1,Middle,qooron
614,f68r,Astronomical,Scribe 4,Voynich B,1,Middle,yeon
615,f68r,Astronomical,Scribe 4,Voynich B,1,End,amy
616,f68r,Astronomical,Scribe 4,Voynich B,1,Start,peedon
617,f68r,Astronomical,Scribe 4,Voynich B,1,Middle,tals
618,f68r,Astronomical,Scribe 4,Voynich B,1,Middle,amin
619,f68r,Astronomical,Scribe 4,Voynich B,1,Middle,iins
620,f68r,Astronomical,Scribe 4,Voynich B,1,Middle,palm
621,f68r,Astronomical,Scribe 4,Voynich B,1,Middle,amy
622,f68r,Astronomical,Scribe 4,Voynich B,1,Middle,aiindy
623,f68r,Astronomical,Scribe 4,Voynich B,1,End,shiinm
624,f68r,Astronomical,Scribe 4,Voynich B,1,Start,kots
625,f68r,Astronomical,Scribe 4,Voynich B,1,Middle,eon
626,f68r,Astronomical,Scribe 4,Voynich B,1,Middle,or
627,f68r,Astronomical,Scribe 4,Voynich B,1,Middle,aiinn
628,f68r,Astronomical,Scribe 4,Voynich B,1,Middle,tauran
629,f68r,Astronomical,Scribe 4,Voynich B,1,Middle,aiindy
630,f68r,Astronomical,Scribe 4,Voynich B,1,Middle,cor
631,f68r,Astronomical,Scribe 4,Voynich B,1,End,iiny
632,f68r,Astronomical,Scribe 4,Voynich B,1,Start,pory
633,f68r,Astronomical,Scribe 4,Voynich B,1,Middle,tals
634,f68r,Astronomical,Scribe 4,Voynich B,1,Middle,amy
635,f68r,Astronomical,Scribe 4,Voynich B,1,Middle,fory
636,f68r,Astronomical,Scribe 4,Voynich B,1,Middle,e9
637,f68r,Astronomical,Scribe 4,Voynich B,1,Middle,peedon
638,f68r,Astronomical,Scribe 4,Voynich B,1,Middle,ey
639,f68r,Astronomical,Scribe 4,Voynich B,1,End,yotm
640,f81v,Balneological,Scribe 2,Voynich B,1,Start,caldy
641,f81v,Balneological,Scribe 2,Voynich B,1,Middle,iins
642,f81v,Balneological,Scribe 2,Voynich B,1,Middle,sheed9
643,f81v,Balneological,Scribe 2,Voynich B,1,Middle,or
644,f81v,Balneological,Scribe 2,Voynich B,1,Middle,sham
645,f81v,Balneological,Scribe 2,Voynich B,1,Middle,ootr
646,f81v,Balneological,Scribe 2,Voynich B,1,Middle,eedin
647,f81v,Balneological,Scribe 2,Voynich B,1,End,ces89
648,f81v,Balneological,Scribe 2,Voynich B,1,Start,chaiinin
649,f81v,Balneological,Scribe 2,Voynich B,1,Middle,iins
650,f81v,Balneological,Scribe 2,Voynich B,1,Middle,iiny
651,f81v,Balneological,Scribe 2,Voynich B,1,Middle,or89
652,f81v,Balneological,Scribe 2,Voynich B,1,Middle,eed
653,f81v,Balneological,Scribe 2,Voynich B,1,Middle,shiin9
654,f81v,Balneological,Scribe 2,Voynich B,1,Middle,yiin
655,f81v,Balneological,Scribe 2,Voynich B,1,End,e9
656,f81v,Balneological,Scribe 2,Voynich B,1,Start,ocer
657,f81v,Balneological,Scribe 2,Voynich B,1,Middle,shaln
658,f81v,Balneological,Scribe 2,Voynich B,1,Middle,fok
659,f81v,Balneological,Scribe 2,Voynich B,1,Middle,iins
660,f81v,Balneological,Scribe 2,Voynich B,1,Middle,eon
661,f81v,Balneological,Scribe 2,Voynich B,1,Middle,or89
662,f81v,Balneological,Scribe 2,Voynich B,1,Middle,palm
663,f81v,Balneological,Scribe 2,Voynich B,1,End,iin9y
664,f81v,Balneological,Scribe 2,Voynich B,1,Start,qooron
665,f81v,Balneological,Scribe 2,Voynich B,1,Middle,ciins
666,f81v,Balneological,Scribe 2,Voynich B,1,Middle,cer
667,f81v,Balneological,Scribe 2,Voynich B,1,Middle,sheed9
668,f81v,Balneological,Scribe 2,Voynich B,1,Middle,kol
669,f81v,Balneological,Scribe 2,Voynich B,1,Middle,amon
670,f81v,Balneological,Scribe 2,Voynich B,1,Middle,e9
671,f81v,Balneological,Scribe 2,Voynich B,1,End,iins
672,f81v,Balneological,Scribe 2,Voynich B,1,Start,oal89
673,f81v,Balneological,Scribe 2,Voynich B,1,Middle,qooron
674,f81v,Balneological,Scribe 2,Voynich B,1,Middle,far
675,f81v,Balneological,Scribe 2,Voynich B,1,Middle,qoolr
676,f81v,Balneological,Scribe 2,Voynich B,1,Middle,cam89
677,f81v,Balneological,Scribe 2,Voynich B,1,Middle,aiindy
678,f81v,Balneological,Scribe 2,Voynich B,1,Middle,yotm
679,f81v,Balneological,Scribe 2,Voynich B,1,End,cery
680,f81v,Balneological,Scribe 2,Voynich B,1,Start,qooron
681,f81v,Balneological,Scribe 2,Voynich B,1,Middle,qooron
682,f81v,Balneological,Scribe 2,Voynich B,1,Middle,aiinn
683,f81v,Balneological,Scribe 2,Voynich B,1,Middle,amy
684,f81v,Balneological,Scribe 2,Voynich B,1,Middle,palm
685,f81v,Balneological,Scribe 2,Voynich B,1,Middle,parm
686,f81v,Balneological,Scribe 2,Voynich B,1,Middle,amy
687,f81v,Balneological,Scribe 2,Voynich B,1,End,fok
688,f81v,Balneological,Scribe 2,Voynich B,1,Start,fiinm
689,f81v,Balneological,Scribe 2,Voynich B,1,Middle,iins
690,f81v,Balneological,Scribe 2,Voynich B,1,Middle,oaiins
691,f81v,Balneological,Scribe 2,Voynich B,1,Middle,kol
692,f81v,Balneological,Scribe 2,Voynich B,1,Middle,e9
693,f81v,Balneological,Scribe 2,Voynich B,1,Middle,ceedr
694,f81v,Balneological,Scribe 2,Voynich B,1,Middle,amy
695,f81v,Balneological,Scribe 2,Voynich B,1,End,ots89
696,f81v,Balneological,Scribe 2,Voynich B,1,Start,ootr
697,f81v,Balneological,Scribe 2,Voynich B,1,Middle,qooron
698,f81v,Balneological,Scribe 2,Voynich B,1,Middle,aiinn
699,f81v,Balneological,Scribe 2,Voynich B,1,Middle,tauran
700,f81v,Balneological,Scribe 2,Voynich B,1,Middle,far
701,f81v,Balneological,Scribe 2,Voynich B,1,Middle,iins
702,f81v,Balneological,Scribe 2,Voynich B,1,Middle,shiin89
703,f81v,Balneological,Scribe 2,Voynich B,1,End,far
704,f81v,Balneological,Scribe 2,Voynich B,1,Start,cer
705,f81v,Balneological,Scribe 2,Voynich B,1,Middle,chaiinin
706,f81v,Balneological,Scribe 2,Voynich B,1,Middle,aiinn
707,f81v,Balneological,Scribe 2,Voynich B,1,Middle,or
708,f81v,Balneological,Scribe 2,Voynich B,1,Middle,ciiny
709,f81v,Balneological,Scribe 2,Voynich B,1,Middle,fok
710,f81v,Balneological,Scribe 2,Voynich B,1,Middle,ceedr
711,f81v,Balneological,Scribe 2,Voynich B,1,End,aiindy
712,f81v,Balneological,Scribe 2,Voynich B,1,Start,qoiinon
713,f81v,Balneological,Scribe 2,Voynich B,1,Middle,doty
714,f81v,Balneological,Scribe 2,Voynich B,1,Middle,iinon
715,f81v,Balneological,Scribe 2,Voynich B,1,Middle,chalin
716,f81v,Balneological,Scribe 2,Voynich B,1,Middle,ots
717,f81v,Balneological,Scribe 2,Voynich B,1,Middle,shol
718,f81v,Balneological,Scribe 2,Voynich B,1,Middle,daiin
719,f81v,Balneological,Scribe 2,Voynich B,1,End,chalin
720,f81v,Balneological,Scribe 2,Voynich B,1,Start,peedon
721,f81v,Balneological,Scribe 2,Voynich B,1,Middle,chalin
722,f81v,Balneological,Scribe 2,Voynich B,1,Middle,eed
723,f81v,Balneological,Scribe 2,Voynich B,1,Middle,eed
724,f81v,Balneological,Scribe 2,Voynich B,1,Middle,yaiin9
725,f81v,Balneological,Scribe 2,Voynich B,1,Middle,amin
726,f81v,Balneological,Scribe 2,Voynich B,1,Middle,shaln
727,f81v,Balneological,Scribe 2,Voynich B,1,End,eedin
728,f81v,Balneological,Scribe 2,Voynich B,1,Start,dchar9
729,f81v,Balneological,Scribe 2,Voynich B,1,Middle,shiin9
730,f81v,Balneological,Scribe 2,Voynich B,1,Middle,iins
731,f81v,Balneological,Scribe 2,Voynich B,1,Middle,pokr
732,f81v,Balneological,Scribe 2,Voynich B,1,Middle,ceedr
733,f81v,Balneological,Scribe 2,Voynich B,1,Middle,chalin
734,f81v,Balneological,Scribe 2,Voynich B,1,Middle,fiinm
735,f81v,Balneological,Scribe 2,Voynich B,1,End,ciinsdy
736,f81v,Balneological,Scribe 2,Voynich B,1,Start,qoyeon
737,f81v,Balneological,Scribe 2,Voynich B,1,Middle,amy
738,f81v,Balneological,Scribe 2,Voynich B,1,Middle,saiin
739,f81v,Balneological,Scribe 2,Voynich B,1,Middle,edy
740,f81v,Balneological,Scribe 2,Voynich B,1,Middle,fory
741,f81v,Balneological,Scribe 2,Voynich B,1,Middle,oty
742,f81v,Balneological,Scribe 2,Voynich B,1,Middle,iiny
743,f81v,Balneological,Scribe 2,Voynich B,1,End,oaiins89
744,f81v,Balneological,Scribe 2,Voynich B,1,Start,eedin
745,f81v,Balneological,Scribe 2,Voynich B,1,Middle,shol
746,f81v,Balneological,Scribe 2,Voynich B,1,Middle,fokn
747,f81v,Balneological,Scribe 2,Voynich B,1,Middle,cor
748,f81v,Balneological,Scribe 2,Voynich B,1,Middle,fok
749,f81v,Balneological,Scribe 2,Voynich B,1,Middle,oe9
750,f81v,Balneological,Scribe 2,Voynich B,1,Middle,tauran
751,f81v,Balneological,Scribe 2,Voynich B,1,End,eeddy
752,f81v,Balneological,Scribe 2,Voynich B,1,Start,syalm
753,f81v,Balneological,Scribe 2,Voynich B,1,Middle,ots
754,f81v,Balneological,Scribe 2,Voynich B,1,Middle,ces
755,f81v,Balneological,Scribe 2,Voynich B,1,Middle,amy
756,f81v,Balneological,Scribe 2,Voynich B,1,Middle,cer
757,f81v,Balneological,Scribe 2,Voynich B,1,Middle,fok
758,f81v,Balneological,Scribe 2,Voynich B,1,Middle,qooron
759,f81v,Balneological,Scribe 2,Voynich B,1,End,oty
760,f81v,Balneological,Scribe 2,Voynich B,1,Start,peedon
761,f81v,Balneological,Scribe 2,Voynich B,1,Middle,cal
762,f81v,Balneological,Scribe 2,Voynich B,1,Middle,amy
763,f81v,Balneological,Scribe 2,Voynich B,1,Middle,saiin
764,f81v,Balneological,Scribe 2,Voynich B,1,Middle,far
765,f81v,Balneological,Scribe 2,Voynich B,1,Middle,e9
766,f81v,Balneological,Scribe 2,Voynich B,1,Middle,ots
767,f81v,Balneological,Scribe 2,Voynich B,1,End,okn
768,f81v,Balneological,Scribe 2,Voynich B,1,Start,ooly
769,f81v,Balneological,Scribe 2,Voynich B,1,Middle,pamon
770,f81v,Balneological,Scribe 2,Voynich B,1,Middle,shiin9
771,f81v,Balneological,Scribe 2,Voynich B,1,Middle,or9
772,f81v,Balneological,Scribe 2,Voynich B,1,Middle,amin
773,f81v,Balneological,Scribe 2,Voynich B,1,Middle,shiin9
774,f81v,Balneological,Scribe 2,Voynich B,1,Middle,e9
775,f81v,Balneological,Scribe 2,Voynich B,1,End,dals
776,f81v,Balneological,Scribe 2,Voynich B,1,Start,kots
777,f81v,Balneological,Scribe 2,Voynich B,1,Middle,tols
778,f81v,Balneological,Scribe 2,Voynich B,1,Middle,fot
779,f81v,Balneological,Scribe 2,Voynich B,1,Middle,tam89
780,f81v,Balneological,Scribe 2,Voynich B,1,Middle,feedm
781,f81v,Balneological,Scribe 2,Voynich B,1,Middle,fars
782,f81v,Balneological,Scribe 2,Voynich B,1,Middle,okn
783,f81v,Balneological,Scribe 2,Voynich B,1,End,shokm
784,f81v,Balneological,Scribe 2,Voynich B,1,Start,qoolr
785,f81v,Balneological,Scribe 2,Voynich B,1,Middle,far
786,f81v,Balneological,Scribe 2,Voynich B,1,Middle,chaiinon
787,f81v,Balneological,Scribe 2,Voynich B,1,Middle,qoaiinm
788,f81v,Balneological,Scribe 2,Voynich B,1,Middle,iins
789,f81v,Balneological,Scribe 2,Voynich B,1,Middle,siins
790,f81v,Balneological,Scribe 2,Voynich B,1,Middle,yorin
791,f81v,Balneological,Scribe 2,Voynich B,1,End,cer
792,f81v,Balneological,Scribe 2,Voynich B,1,Start,siins
793,f81v,Balneological,Scribe 2,Voynich B,1,Middle,oaiins
794,f81v,Balneological,Scribe 2,Voynich B,1,Middle,sol9
795,f81v,Balneological,Scribe 2,Voynich B,1,Middle,oty
796,f81v,Balneological,Scribe 2,Voynich B,1,Middle,fok
797,f81v,Balneological,Scribe 2,Voynich B,1,Middle,e9
798,f81v,Balneological,Scribe 2,Voynich B,1,Middle,fiinm
799,f81v,Balneological,Scribe 2,Voynich B,1,End,ots89
800,f108v,Recipes,Scribe 3,Voynich B,1,Start,tar9
801,f108v,Recipes,Scribe 3,Voynich B,1,Middle,eed89
802,f108v,Recipes,Scribe 3,Voynich B,1,Middle,en
803,f108v,Recipes,Scribe 3,Voynich B,1,Middle,ots
804,f108v,Recipes,Scribe 3,Voynich B,1,Middle,far
805,f108v,Recipes,Scribe 3,Voynich B,1,Middle,iins
806,f108v,Recipes,Scribe 3,Voynich B,1,Middle,tals
807,f108v,Recipes,Scribe 3,Voynich B,1,End,eon
808,f108v,Recipes,Scribe 3,Voynich B,1,Start,fars
809,f108v,Recipes,Scribe 3,Voynich B,1,Middle,pok
810,f108v,Recipes,Scribe 3,Voynich B,1,Middle,iiny
811,f108v,Recipes,Scribe 3,Voynich B,1,Middle,shiin9
812,f108v,Recipes,Scribe 3,Voynich B,1,Middle,oe9
813,f108v,Recipes,Scribe 3,Voynich B,1,Middle,shor
814,f108v,Recipes,Scribe 3,Voynich B,1,Middle,shen
815,f108v,Recipes,Scribe 3,Voynich B,1,End,palm
816,f108v,Recipes,Scribe 3,Voynich B,1,Start,oolr
817,f108v,Recipes,Scribe 3,Voynich B,1,Middle,ceedr
818,f108v,Recipes,Scribe 3,Voynich B,1,Middle,palm
819,f108v,Recipes,Scribe 3,Voynich B,1,Middle,shor
820,f108v,Recipes,Scribe 3,Voynich B,1,Middle,okn
821,f108v,Recipes,Scribe 3,Voynich B,1,Middle,qoolr
822,f108v,Recipes,Scribe 3,Voynich B,1,Middle,eed
823,f108v,Recipes,Scribe 3,Voynich B,1,End,yeon
824,f108v,Recipes,Scribe 3,Voynich B,1,Start,oolr
825,f108v,Recipes,Scribe 3,Voynich B,1,Middle,yorin
826,f108v,Recipes,Scribe 3,Voynich B,1,Middle,shaiinm
827,f108v,Recipes,Scribe 3,Voynich B,1,Middle,chaiinin
828,f108v,Recipes,Scribe 3,Voynich B,1,Middle,ots
829,f108v,Recipes,Scribe 3,Voynich B,1,Middle,eon
830,f108v,Recipes,Scribe 3,Voynich B,1,Middle,ciiny
831,f108v,Recipes,Scribe 3,Voynich B,1,End,ots89
832,f108v,Recipes,Scribe 3,Voynich B,1,Start,chalin
833,f108v,Recipes,Scribe 3,Voynich B,1,Middle,yotm
834,f108v,Recipes,Scribe 3,Voynich B,1,Middle,cer
835,f108v,Recipes,Scribe 3,Voynich B,1,Middle,pokr
836,f108v,Recipes,Scribe 3,Voynich B,1,Middle,yalm
837,f108v,Recipes,Scribe 3,Voynich B,1,Middle,aldy
838,f108v,Recipes,Scribe 3,Voynich B,1,Middle,far
839,f108v,Recipes,Scribe 3,Voynich B,1,End,sarn
840,f108v,Recipes,Scribe 3,Voynich B,1,Start,qooron
841,f108v,Recipes,Scribe 3,Voynich B,1,Middle,aiindy
842,f108v,Recipes,Scribe 3,Voynich B,1,Middle,shot
843,f108v,Recipes,Scribe 3,Voynich B,1,Middle,chalin
844,f108v,Recipes,Scribe 3,Voynich B,1,Middle,kol
845,f108v,Recipes,Scribe 3,Voynich B,1,Middle,pokr
846,f108v,Recipes,Scribe 3,Voynich B,1,Middle,che9
847,f108v,Recipes,Scribe 3,Voynich B,1,End,iiny
848,f108v,Recipes,Scribe 3,Voynich B,1,Start,ey
849,f108v,Recipes,Scribe 3,Voynich B,1,Middle,iins
850,f108v,Recipes,Scribe 3,Voynich B,1,Middle,iin9
851,f108v,Recipes,Scribe 3,Voynich B,1,Middle,kokm
852,f108v,Recipes,Scribe 3,Voynich B,1,Middle,er
853,f108v,Recipes,Scribe 3,Voynich B,1,Middle,shaiinm
854,f108v,Recipes,Scribe 3,Voynich B,1,Middle,far
855,f108v,Recipes,Scribe 3,Voynich B,1,End,pokr
856,f108v,Recipes,Scribe 3,Voynich B,1,Start,far
857,f108v,Recipes,Scribe 3,Voynich B,1,Middle,ooly
858,f108v,Recipes,Scribe 3,Voynich B,1,Middle,oaiins
859,f108v,Recipes,Scribe 3,Voynich B,1,Middle,or9
860,f108v,Recipes,Scribe 3,Voynich B,1,Middle,cer
861,f108v,Recipes,Scribe 3,Voynich B,1,Middle,yeon
862,f108v,Recipes,Scribe 3,Voynich B,1,Middle,kot9
863,f108v,Recipes,Scribe 3,Voynich B,1,End,parm
864,f108v,Recipes,Scribe 3,Voynich B,1,Start,or9
865,f108v,Recipes,Scribe 3,Voynich B,1,Middle,iins
866,f108v,Recipes,Scribe 3,Voynich B,1,Middle,cer
867,f108v,Recipes,Scribe 3,Voynich B,1,Middle,palm
868,f108v,Recipes,Scribe 3,Voynich B,1,Middle,fokn
869,f108v,Recipes,Scribe 3,Voynich B,1,Middle,fiinm
870,f108v,Recipes,Scribe 3,Voynich B,1,Middle,shiin9
871,f108v,Recipes,Scribe 3,Voynich B,1,End,otr
872,f108v,Recipes,Scribe 3,Voynich B,1,Start,foly
873,f108v,Recipes,Scribe 3,Voynich B,1,Middle,ey
874,f108v,Recipes,Scribe 3,Voynich B,1,Middle,yaiin9
875,f108v,Recipes,Scribe 3,Voynich B,1,Middle,aiindy
876,f108v,Recipes,Scribe 3,Voynich B,1,Middle,cer
877,f108v,Recipes,Scribe 3,Voynich B,1,Middle,ots
878,f108v,Recipes,Scribe 3,Voynich B,1,Middle,olin
879,f108v,Recipes,Scribe 3,Voynich B,1,End,fiinm
880,f108v,Recipes,Scribe 3,Voynich B,1,Start,tar
881,f108v,Recipes,Scribe 3,Voynich B,1,Middle,eed
882,f108v,Recipes,Scribe 3,Voynich B,1,Middle,fok
883,f108v,Recipes,Scribe 3,Voynich B,1,Middle,sarn
884,f108v,Recipes,Scribe 3,Voynich B,1,Middle,e9
885,f108v,Recipes,Scribe 3,Voynich B,1,Middle,aiin
886,f108v,Recipes,Scribe 3,Voynich B,1,Middle,aiindy
887,f108v,Recipes,Scribe 3,Voynich B,1,End,pokdy
888,f108v,Recipes,Scribe 3,Voynich B,1,Start,far
889,f108v,Recipes,Scribe 3,Voynich B,1,Middle,pokr
890,f108v,Recipes,Scribe 3,Voynich B,1,Middle,pokr
891,f108v,Recipes,Scribe 3,Voynich B,1,Middle,shoty
892,f108v,Recipes,Scribe 3,Voynich B,1,Middle,iin9
893,f108v,Recipes,Scribe 3,Voynich B,1,Middle,eed
894,f108v,Recipes,Scribe 3,Voynich B,1,Middle,peedon
895,f108v,Recipes,Scribe 3,Voynich B,1,End,eedin
896,f108v,Recipes,Scribe 3,Voynich B,1,Start,fory
897,f108v,Recipes,Scribe 3,Voynich B,1,Middle,or9
898,f108v,Recipes,Scribe 3,Voynich B,1,Middle,kots
899,f108v,Recipes,Scribe 3,Voynich B,1,Middle,eedin
900,f108v,Recipes,Scribe 3,Voynich B,1,Middle,amy
901,f108v,Recipes,Scribe 3,Voynich B,1,Middle,fory
902,f108v,Recipes,Scribe 3,Voynich B,1,Middle,faiinon
903,f108v,Recipes,Scribe 3,Voynich B,1,End,cer89
904,f108v,Recipes,Scribe 3,Voynich B,1,Start,faiinon
905,f108v,Recipes,Scribe 3,Voynich B,1,Middle,tols
906,f108v,Recipes,Scribe 3,Voynich B,1,Middle,fiin
907,f108v,Recipes,Scribe 3,Voynich B,1,Middle,aiindy
908,f108v,Recipes,Scribe 3,Voynich B,1,Middle,parm
909,f108v,Recipes,Scribe 3,Voynich B,1,Middle,cer
910,f108v,Recipes,Scribe 3,Voynich B,1,Middle,aiin9
911,f108v,Recipes,Scribe 3,Voynich B,1,End,eedin
912,f108v,Recipes,Scribe 3,Voynich B,1,Start,kokm
913,f108v,Recipes,Scribe 3,Voynich B,1,Middle,fokn
914,f108v,Recipes,Scribe 3,Voynich B,1,Middle,palm
915,f108v,Recipes,Scribe 3,Voynich B,1,Middle,aiindy
916,f108v,Recipes,Scribe 3,Voynich B,1,Middle,ciiny
917,f108v,Recipes,Scribe 3,Voynich B,1,Middle,palm
918,f108v,Recipes,Scribe 3,Voynich B,1,Middle,oolr
919,f108v,Recipes,Scribe 3,Voynich B,1,End,shiinm
920,f108v,Recipes,Scribe 3,Voynich B,1,Start,iins
921,f108v,Recipes,Scribe 3,Voynich B,1,Middle,cer
922,f108v,Recipes,Scribe 3,Voynich B,1,Middle,fok
923,f108v,Recipes,Scribe 3,Voynich B,1,Middle,e9
924,f108v,Recipes,Scribe 3,Voynich B,1,Middle,or9
925,f108v,Recipes,Scribe 3,Voynich B,1,Middle,palm
926,f108v,Recipes,Scribe 3,Voynich B,1,Middle,iins
927,f108v,Recipes,Scribe 3,Voynich B,1,End,cery
928,f108v,Recipes,Scribe 3,Voynich B,1,Start,kokdy
929,f108v,Recipes,Scribe 3,Voynich B,1,Middle,shor
930,f108v,Recipes,Scribe 3,Voynich B,1,Middle,ots
931,f108v,Recipes,Scribe 3,Voynich B,1,Middle,faiinon
932,f108v,Recipes,Scribe 3,Voynich B,1,Middle,cer
933,f108v,Recipes,Scribe 3,Voynich B,1,Middle,shor
934,f108v,Recipes,Scribe 3,Voynich B,1,Middle,qooln
935,f108v,Recipes,Scribe 3,Voynich B,1,End,dokrdy
936,f108v,Recipes,Scribe 3,Voynich B,1,Start,kokdy
937,f108v,Recipes,Scribe 3,Voynich B,1,Middle,arm
938,f108v,Recipes,Scribe 3,Voynich B,1,Middle,chalin
939,f108v,Recipes,Scribe 3,Voynich B,1,Middle,fot
940,f108v,Recipes,Scribe 3,Voynich B,1,Middle,pok
941,f108v,Recipes,Scribe 3,Voynich B,1,Middle,iin9
942,f108v,Recipes,Scribe 3,Voynich B,1,Middle,parm
943,f108v,Recipes,Scribe 3,Voynich B,1,End,shen
944,f108v,Recipes,Scribe 3,Voynich B,1,Start,ciins
945,f108v,Recipes,Scribe 3,Voynich B,1,Middle,fiinm
946,f108v,Recipes,Scribe 3,Voynich B,1,Middle,far
947,f108v,Recipes,Scribe 3,Voynich B,1,Middle,shot
948,f108v,Recipes,Scribe 3,Voynich B,1,Middle,eedin
949,f108v,Recipes,Scribe 3,Voynich B,1,Middle,aiindy
950,f108v,Recipes,Scribe 3,Voynich B,1,Middle,far
951,f108v,Recipes,Scribe 3,Voynich B,1,End,faiinon
952,f108v,Recipes,Scribe 3,Voynich B,1,Start,fok
953,f108v,Recipes,Scribe 3,Voynich B,1,Middle,se89
954,f108v,Recipes,Scribe 3,Voynich B,1,Middle,shokm
955,f108v,Recipes,Scribe 3,Voynich B,1,Middle,palm
956,f108v,Recipes,Scribe 3,Voynich B,1,Middle,or89
957,f108v,Recipes,Scribe 3,Voynich B,1,Middle,ots
958,f108v,Recipes,Scribe 3,Voynich B,1,Middle,ciins
959,f108v,Recipes,Scribe 3,Voynich B,1,End,e989
960,f2r,Herbal,Scribe 1,Voynich A,1,Start,shors
961,f2r,Herbal,Scribe 1,Voynich A,1,Middle,piinn
962,f2r,Herbal,Scribe 1,Voynich A,1,Middle,olr
963,f2r,Herbal,Scribe 1,Voynich A,1,Middle,farm
964,f2r,Herbal,Scribe 1,Voynich A,1,Middle,tors
965,f2r,Herbal,Scribe 1,Voynich A,1,Middle,iinn
966,f2r,Herbal,Scribe 1,Voynich A,1,Middle,okr
967,f2r,Herbal,Scribe 1,Voynich A,1,End,toky
968,f2r,Herbal,Scribe 1,Voynich A,1,Start,char
969,f2r,Herbal,Scribe 1,Voynich A,1,Middle,karr
970,f2r,Herbal,Scribe 1,Voynich A,1,Middle,yory
971,f2r,Herbal,Scribe 1,Voynich A,1,Middle,tokin
972,f2r,Herbal,Scribe 1,Voynich A,1,Middle,oarm
973,f2r,Herbal,Scribe 1,Voynich A,1,Middle,por
974,f2r,Herbal,Scribe 1,Voynich A,1,Middle,alin
975,f2r,Herbal,Scribe 1,Voynich A,1,End,talm
976,f2r,Herbal,Scribe 1,Voynich A,1,Start,orm
977,f2r,Herbal,Scribe 1,Voynich A,1,Middle,chora
978,f2r,Herbal,Scribe 1,Voynich A,1,Middle,qoiin9
979,f2r,Herbal,Scribe 1,Voynich A,1,Middle,keedon
980,f2r,Herbal,Scribe 1,Voynich A,1,Middle,sam9
981,f2r,Herbal,Scribe 1,Voynich A,1,Middle,ein
982,f2r,Herbal,Scribe 1,Voynich A,1,Middle,kotin
983,f2r,Herbal,Scribe 1,Voynich A,1,End,qoal
984,f2r,Herbal,Scribe 1,Voynich A,1,Start,qoaiinon
985,f2r,Herbal,Scribe 1,Voynich A,1,Middle,tokdy
986,f2r,Herbal,Scribe 1,Voynich A,1,Middle,oiindy
987,f2r,Herbal,Scribe 1,Voynich A,1,Middle,dal
988,f2r,Herbal,Scribe 1,Voynich A,1,Middle,choton
989,f2r,Herbal,Scribe 1,Voynich A,1,Middle,oaiin89
990,f2r,Herbal,Scribe 1,Voynich A,1,Middle,ams
991,f2r,Herbal,Scribe 1,Voynich A,1,End,shedy
992,f2r,Herbal,Scribe 1,Voynich A,1,Start,dcaiinon
993,f2r,Herbal,Scribe 1,Voynich A,1,Middle,samn
994,f2r,Herbal,Scribe 1,Voynich A,1,Middle,iinn
995,f2r,Herbal,Scribe 1,Voynich A,1,Middle,arar
996,f2r,Herbal,Scribe 1,Voynich A,1,Middle,tokdy
997,f2r,Herbal,Scribe 1,Voynich A,1,Middle,qoaron
998,f2r,Herbal,Scribe 1,Voynich A,1,Middle,pok9
999,f2r,Herbal,Scribe 1,Voynich A,1,End,peed89
1000,f2r,Herbal,Scribe 1,Voynich A,1,Start,oshokon
